SUV,000009.jpg,15,111,271,272
SUV,000010.jpg,14,18,148,107
SUV,000031.jpg,125,645,1845,1421
SUV,000052.jpg,11,60,796,535
SUV,000067.jpg,3,3,639,480
SUV,000069.jpg,24,141,721,396
SUV,000082.jpg,5,4,136,87
SUV,000087.jpg,24,1,368,199
SEDAN,000090.jpg,434,441,1805,1126
SEDAN,000098.jpg,84,189,573,376
SEDAN,000099.jpg,13,256,769,532
SEDAN,000120.jpg,38,92,420,241
SEDAN,000124.jpg,208,97,909,447
SEDAN,000133.jpg,12,33,292,171
SEDAN,000147.jpg,214,492,1345,967
SEDAN,000157.jpg,10,86,614,383
SEDAN,000159.jpg,57,236,881,569
SEDAN,000187.jpg,15,14,278,171
SEDAN,000189.jpg,1,1,1484,900
SEDAN,000199.jpg,55,62,204,178
SEDAN,000201.jpg,45,86,532,334
SEDAN,000202.jpg,32,126,997,627
SEDAN,000214.jpg,32,71,548,281
SEDAN,000220.jpg,89,182,719,467
SEDAN,000230.jpg,73,69,542,373
SEDAN,000252.jpg,39,47,452,227
SEDAN,000301.jpg,11,65,484,304
SEDAN,000304.jpg,63,110,710,451
SEDAN,000308.jpg,26,129,586,334
SEDAN,000317.jpg,13,29,795,350
SEDAN,000329.jpg,4,7,299,124
SEDAN,000352.jpg,15,58,246,139
SEDAN,000370.jpg,15,25,290,176
SEDAN,000380.jpg,31,16,237,160
SEDAN,000390.jpg,166,139,611,353
SEDAN,000392.jpg,91,214,955,604
SEDAN,000395.jpg,7,13,208,134
HATCHBACK,000416.jpg,1,60,630,379
HATCHBACK,000418.jpg,91,175,567,410
HATCHBACK,000429.jpg,42,4,750,469
HATCHBACK,000433.jpg,64,202,898,574
HATCHBACK,000448.jpg,228,623,1813,1322
HATCHBACK,000480.jpg,17,108,624,431
HATCHBACK,000485.jpg,336,217,633,432
HATCHBACK,000490.jpg,46,15,289,181
HATCHBACK,000495.jpg,103,361,1075,719
HATCHBACK,000505.jpg,39,141,594,355
HATCHBACK,000506.jpg,21,93,479,331
HATCHBACK,000507.jpg,49,322,925,646
HATCHBACK,000512.jpg,19,74,381,232
HATCHBACK,000560.jpg,91,48,505,359
CONVERTIBLE,000574.jpg,1,239,1436,932
CONVERTIBLE,000579.jpg,16,99,439,254
CONVERTIBLE,000582.jpg,22,142,474,326
CONVERTIBLE,000585.jpg,427,397,1669,982
CONVERTIBLE,000586.jpg,355,323,1316,897
CONVERTIBLE,000590.jpg,25,118,319,232
CONVERTIBLE,000591.jpg,59,15,753,465
CONVERTIBLE,000600.jpg,34,68,232,145
CONVERTIBLE,000607.jpg,39,74,233,180
CONVERTIBLE,000613.jpg,57,70,578,328
CONVERTIBLE,000634.jpg,16,73,239,138
CONVERTIBLE,000661.jpg,35,88,573,339
COUPE,000665.jpg,60,91,727,405
COUPE,000692.jpg,13,98,287,198
COUPE,000706.jpg,21,103,1183,659
COUPE,000715.jpg,200,471,1118,848
COUPE,000716.jpg,16,91,300,182
COUPE,000723.jpg,37,182,774,475
CONVERTIBLE,000749.jpg,3,24,572,275
CONVERTIBLE,000756.jpg,74,106,483,319
CONVERTIBLE,000761.jpg,7,66,615,359
CONVERTIBLE,000764.jpg,157,82,493,257
CONVERTIBLE,000777.jpg,51,114,393,251
CONVERTIBLE,000799.jpg,270,350,1011,608
COUPE,000824.jpg,39,124,577,319
COUPE,000831.jpg,3,108,1333,887
COUPE,000846.jpg,257,352,1332,840
COUPE,000864.jpg,39,125,564,335
COUPE,000867.jpg,74,47,645,370
COUPE,000871.jpg,113,313,760,539
CONVERTIBLE,000892.jpg,33,48,458,289
CONVERTIBLE,000933.jpg,43,57,597,451
CONVERTIBLE,000941.jpg,295,173,1199,741
CONVERTIBLE,000952.jpg,354,299,1261,810
COUPE,000961.jpg,26,76,205,159
COUPE,000970.jpg,53,274,894,641
COUPE,000982.jpg,26,98,428,309
COUPE,000990.jpg,36,56,605,455
COUPE,001001.jpg,121,127,1111,729
COUPE,001004.jpg,19,143,621,427
COUPE,001022.jpg,26,66,559,286
COUPE,001050.jpg,2,91,196,198
COUPE,001065.jpg,44,62,555,294
COUPE,001095.jpg,78,139,445,266
COUPE,001134.jpg,37,65,612,367
COUPE,001156.jpg,58,140,1209,670
COUPE,001164.jpg,39,44,472,247
COUPE,001166.jpg,191,299,907,667
COUPE,001183.jpg,91,178,1835,913
COUPE,001199.jpg,42,64,584,292
COUPE,001206.jpg,16,54,300,146
COUPE,001209.jpg,7,100,783,520
SEDAN,001214.jpg,12,168,612,347
SEDAN,001217.jpg,4,19,255,172
SEDAN,001219.jpg,44,136,581,362
SEDAN,001224.jpg,32,56,783,453
SEDAN,001225.jpg,17,104,353,201
SEDAN,001226.jpg,26,68,286,193
SEDAN,001231.jpg,32,79,431,228
SEDAN,001239.jpg,29,25,471,315
SEDAN,001241.jpg,75,336,1487,786
SEDAN,001246.jpg,100,258,753,457
SEDAN,001251.jpg,5,73,280,221
SEDAN,001270.jpg,31,78,361,186
SEDAN,001294.jpg,81,57,367,234
SEDAN,001308.jpg,9,25,136,92
SEDAN,001343.jpg,21,60,245,181
SEDAN,001351.jpg,3,31,258,164
SEDAN,001354.jpg,11,41,247,176
SEDAN,001379.jpg,63,50,581,348
WAGON,001386.jpg,4,15,87,54
WAGON,001392.jpg,34,28,171,104
WAGON,001411.jpg,55,48,294,205
WAGON,001420.jpg,1,9,141,63
WAGON,001428.jpg,210,135,1776,1122
WAGON,001430.jpg,3,84,275,192
WAGON,001433.jpg,9,15,105,66
WAGON,001454.jpg,4,14,250,132
HATCHBACK,001466.jpg,73,94,286,175
HATCHBACK,001472.jpg,128,185,901,623
HATCHBACK,001478.jpg,138,268,1953,1088
HATCHBACK,001484.jpg,41,114,975,670
HATCHBACK,001508.jpg,10,40,252,163
HATCHBACK,001510.jpg,32,42,289,195
HATCHBACK,001514.jpg,34,37,256,160
HATCHBACK,001542.jpg,7,55,262,167
HATCHBACK,001545.jpg,9,61,264,161
SEDAN,001555.jpg,70,52,503,266
SEDAN,001567.jpg,147,517,1942,1269
SEDAN,001572.jpg,96,33,687,264
SEDAN,001580.jpg,1,66,584,322
SEDAN,001587.jpg,24,28,416,289
SEDAN,001588.jpg,72,210,978,665
SEDAN,001595.jpg,2,69,450,309
SEDAN,001596.jpg,166,485,1482,1084
SEDAN,001604.jpg,39,116,692,313
SEDAN,001628.jpg,37,45,744,554
CONVERTIBLE,001671.jpg,24,95,276,237
CONVERTIBLE,001672.jpg,17,71,227,175
CONVERTIBLE,001676.jpg,52,289,751,505
CONVERTIBLE,001702.jpg,14,84,290,279
CONVERTIBLE,001708.jpg,26,55,271,186
COUPE,001758.jpg,59,25,260,127
COUPE,001762.jpg,172,107,582,335
COUPE,001763.jpg,32,48,272,196
COUPE,001766.jpg,11,95,295,193
COUPE,001771.jpg,67,208,699,553
COUPE,001776.jpg,17,168,549,387
COUPE,001781.jpg,20,87,382,242
COUPE,001782.jpg,15,22,461,241
COUPE,001791.jpg,118,166,694,490
COUPE,001805.jpg,31,31,593,251
SEDAN,001836.jpg,48,10,592,426
SEDAN,001842.jpg,42,64,267,195
SEDAN,001843.jpg,376,206,955,540
SEDAN,001847.jpg,23,221,881,568
SEDAN,001851.jpg,21,97,591,385
SEDAN,001869.jpg,69,56,256,157
SEDAN,001883.jpg,269,180,1608,1152
SEDAN,001886.jpg,30,59,287,177
SEDAN,001918.jpg,35,75,351,212
SEDAN,001920.jpg,11,51,629,408
SEDAN,001924.jpg,20,122,465,307
SEDAN,001933.jpg,37,8,380,290
SEDAN,001941.jpg,98,308,1135,975
SEDAN,001944.jpg,41,83,368,295
SEDAN,001957.jpg,36,55,417,284
SEDAN,001960.jpg,15,85,544,341
COUPE,001983.jpg,86,102,451,290
COUPE,002004.jpg,9,28,300,213
COUPE,002005.jpg,123,69,489,259
COUPE,002007.jpg,40,38,224,155
COUPE,002019.jpg,188,207,1758,982
SEDAN,002058.jpg,32,56,515,323
SEDAN,002059.jpg,51,81,655,408
SEDAN,002061.jpg,134,43,467,158
SEDAN,002070.jpg,121,108,655,387
SEDAN,002077.jpg,77,184,452,399
SEDAN,002090.jpg,43,144,532,328
SEDAN,002101.jpg,30,78,488,302
CONVERTIBLE,002148.jpg,5,37,280,157
CONVERTIBLE,002160.jpg,43,181,982,727
CONVERTIBLE,002165.jpg,9,153,886,505
CONVERTIBLE,002171.jpg,81,223,1304,810
CONVERTIBLE,002173.jpg,23,96,618,386
COUPE,002204.jpg,71,96,590,393
COUPE,002210.jpg,52,15,274,142
COUPE,002211.jpg,32,34,248,213
COUPE,002220.jpg,25,84,280,198
COUPE,002241.jpg,5,23,299,136
COUPE,002251.jpg,172,107,1133,818
COUPE,002269.jpg,6,6,274,183
SEDAN,002283.jpg,31,66,619,425
SEDAN,002298.jpg,74,130,564,444
SEDAN,002305.jpg,38,163,593,342
SEDAN,002309.jpg,39,47,238,155
SEDAN,002310.jpg,31,10,718,323
SEDAN,002312.jpg,94,190,1597,991
SEDAN,002314.jpg,65,156,827,447
SEDAN,002326.jpg,24,83,275,176
SEDAN,002330.jpg,2,186,561,504
SEDAN,002338.jpg,120,166,559,315
SEDAN,002339.jpg,11,25,273,176
SEDAN,002346.jpg,118,48,456,217
SEDAN,002352.jpg,151,149,398,269
SEDAN,002355.jpg,43,5,259,172
WAGON,002366.jpg,6,87,210,164
WAGON,002367.jpg,26,102,633,389
WAGON,002370.jpg,16,33,290,155
WAGON,002384.jpg,144,76,831,663
WAGON,002393.jpg,22,151,467,320
WAGON,002397.jpg,62,318,1455,803
WAGON,002399.jpg,27,40,279,142
WAGON,002422.jpg,99,109,941,568
WAGON,002428.jpg,17,33,386,240
WAGON,002432.jpg,51,73,755,499
WAGON,002437.jpg,115,79,346,227
CONVERTIBLE,002465.jpg,108,49,600,327
CONVERTIBLE,002471.jpg,8,40,247,156
CONVERTIBLE,002479.jpg,20,72,769,515
CONVERTIBLE,002488.jpg,349,280,1381,892
CONVERTIBLE,002492.jpg,109,28,596,306
CONVERTIBLE,002509.jpg,64,143,429,359
CONVERTIBLE,002525.jpg,11,46,469,282
SUV,002544.jpg,55,68,529,450
SUV,002557.jpg,10,14,394,252
SUV,002559.jpg,9,92,480,311
SUV,002566.jpg,29,2,273,159
SUV,002574.jpg,3,45,298,223
SUV,002585.jpg,62,19,542,400
SUV,002587.jpg,231,510,1232,932
SUV,002594.jpg,36,125,607,392
SUV,002607.jpg,43,35,753,519
SUV,002610.jpg,29,22,259,170
SUV,002613.jpg,27,56,613,459
SUV,002614.jpg,8,27,251,151
SUV,002616.jpg,38,14,225,160
SUV,002617.jpg,97,153,392,271
SUV,002618.jpg,46,12,260,170
SUV,002619.jpg,71,82,368,267
SUV,002622.jpg,16,132,768,574
SUV,002631.jpg,101,80,547,329
SUV,002650.jpg,63,28,632,351
SUV,002684.jpg,5,58,423,274
COUPE,002699.jpg,151,157,865,688
COUPE,002707.jpg,87,99,603,381
COUPE,002716.jpg,57,43,194,127
COUPE,002717.jpg,43,133,751,400
COUPE,002728.jpg,48,49,596,450
COUPE,002736.jpg,57,4,269,161
COUPE,002752.jpg,16,73,287,205
COUPE,002761.jpg,56,147,437,286
COUPE,002770.jpg,163,84,913,529
COUPE,002780.jpg,36,81,425,252
SEDAN,002789.jpg,80,366,951,637
SEDAN,002790.jpg,140,61,482,283
SEDAN,002814.jpg,17,32,578,300
SEDAN,002820.jpg,11,27,289,141
SEDAN,002821.jpg,101,160,464,308
SEDAN,002824.jpg,39,113,467,320
SEDAN,002827.jpg,52,100,450,296
SEDAN,002830.jpg,129,472,1966,1075
SEDAN,002839.jpg,158,87,859,589
SEDAN,002843.jpg,47,88,603,388
SEDAN,002851.jpg,74,132,379,299
SEDAN,002855.jpg,84,120,788,617
SEDAN,002862.jpg,29,105,514,257
SEDAN,002863.jpg,82,243,940,579
CONVERTIBLE,002871.jpg,106,27,933,440
CONVERTIBLE,002872.jpg,85,86,672,442
CONVERTIBLE,002874.jpg,13,37,433,200
CONVERTIBLE,002884.jpg,9,198,777,514
CONVERTIBLE,002911.jpg,28,147,923,744
CONVERTIBLE,002919.jpg,75,213,634,469
CONVERTIBLE,002944.jpg,51,99,988,592
CONVERTIBLE,002950.jpg,160,181,590,417
SUV,002953.jpg,22,13,292,188
SUV,002959.jpg,39,188,332,342
SUV,002965.jpg,16,17,485,248
SUV,002990.jpg,13,62,288,175
SUV,003000.jpg,19,53,557,357
SUV,003017.jpg,15,42,450,320
SUV,003020.jpg,85,280,1125,736
SUV,003021.jpg,33,39,258,152
SUV,003025.jpg,61,300,940,651
CONVERTIBLE,003029.jpg,33,26,221,165
CONVERTIBLE,003030.jpg,45,55,530,308
CONVERTIBLE,003039.jpg,46,76,252,168
CONVERTIBLE,003045.jpg,6,15,271,160
CONVERTIBLE,003053.jpg,185,132,1015,677
CONVERTIBLE,003057.jpg,27,93,620,350
CONVERTIBLE,003060.jpg,48,55,744,559
CONVERTIBLE,003066.jpg,31,105,250,205
CONVERTIBLE,003102.jpg,2,57,495,252
CONVERTIBLE,003105.jpg,313,520,1642,1084
CONVERTIBLE,003114.jpg,61,58,335,236
CONVERTIBLE,003131.jpg,82,47,565,358
CONVERTIBLE,003144.jpg,54,75,359,239
CONVERTIBLE,003149.jpg,88,83,232,151
CONVERTIBLE,003175.jpg,15,25,242,182
SEDAN,003184.jpg,110,96,565,389
SEDAN,003190.jpg,61,240,1154,703
SEDAN,003221.jpg,49,293,1003,696
SEDAN,003237.jpg,78,48,561,371
SEDAN,003241.jpg,6,13,295,114
SEDAN,003244.jpg,11,14,292,212
SEDAN,003259.jpg,15,43,497,322
SEDAN,003324.jpg,11,32,195,116
COUPE,003346.jpg,8,37,237,142
COUPE,003359.jpg,110,101,519,323
COUPE,003372.jpg,12,80,567,358
COUPE,003390.jpg,34,31,250,216
COUPE,003412.jpg,10,137,579,411
COUPE,003422.jpg,26,192,628,389
COUPE,003429.jpg,78,88,747,466
COUPE,003453.jpg,13,156,624,440
COUPE,003471.jpg,21,130,762,477
COUPE,003491.jpg,129,714,1773,1295
SEDAN,003506.jpg,37,22,472,337
SEDAN,003536.jpg,21,40,445,295
SEDAN,003553.jpg,18,31,799,585
SEDAN,003554.jpg,29,30,559,354
SEDAN,003572.jpg,40,138,771,469
CONVERTIBLE,003590.jpg,30,162,561,350
CONVERTIBLE,003610.jpg,417,414,1012,791
CONVERTIBLE,003631.jpg,243,380,927,769
CONVERTIBLE,003645.jpg,113,132,415,291
COUPE,003661.jpg,101,41,534,430
COUPE,003662.jpg,210,257,2274,1379
COUPE,003665.jpg,35,172,760,489
COUPE,003667.jpg,653,379,1373,833
COUPE,003669.jpg,72,63,427,319
COUPE,003671.jpg,130,277,1267,859
COUPE,003674.jpg,46,31,572,417
COUPE,003689.jpg,144,101,991,588
COUPE,003702.jpg,129,110,423,293
COUPE,003704.jpg,3,75,298,181
COUPE,003709.jpg,91,23,501,307
COUPE,003714.jpg,51,42,421,247
COUPE,003720.jpg,80,148,711,465
COUPE,003727.jpg,87,142,558,352
COUPE,003733.jpg,27,228,428,444
SEDAN,003738.jpg,25,99,602,388
SEDAN,003742.jpg,99,49,508,336
SEDAN,003746.jpg,21,42,563,248
SEDAN,003747.jpg,32,122,486,286
SEDAN,003751.jpg,38,8,564,402
SEDAN,003765.jpg,180,48,805,460
SEDAN,003768.jpg,23,365,529,717
SEDAN,003803.jpg,9,95,293,191
SUV,003815.jpg,14,41,463,322
SUV,003823.jpg,44,34,225,159
SUV,003837.jpg,8,23,296,167
SUV,003846.jpg,28,7,406,211
SUV,003857.jpg,30,13,549,244
SUV,003858.jpg,95,7,495,279
SUV,003862.jpg,20,39,369,259
SEDAN,003893.jpg,11,101,618,419
SEDAN,003903.jpg,51,93,601,393
SEDAN,003914.jpg,102,28,508,365
SEDAN,003936.jpg,8,197,618,470
SEDAN,003948.jpg,103,199,511,423
SEDAN,003960.jpg,60,117,584,388
SUV,003974.jpg,108,121,539,357
SUV,003994.jpg,17,73,631,431
SUV,004002.jpg,63,69,603,385
SUV,004010.jpg,221,47,788,303
SUV,004032.jpg,111,3,564,429
SUV,004042.jpg,31,36,601,437
SEDAN,004054.jpg,13,23,244,160
SEDAN,004071.jpg,9,30,251,169
SEDAN,004075.jpg,48,41,353,241
SEDAN,004078.jpg,23,28,185,115
SEDAN,004109.jpg,50,21,244,176
SEDAN,004113.jpg,5,49,255,164
SEDAN,004129.jpg,1,79,300,200
SEDAN,004130.jpg,20,51,265,176
SUV,004169.jpg,21,48,434,206
SUV,004173.jpg,66,70,478,293
SUV,004204.jpg,7,1,491,313
SUV,004205.jpg,78,147,2338,1610
TRUCK,004216.jpg,6,25,257,175
TRUCK,004232.jpg,102,163,723,454
TRUCK,004236.jpg,25,172,677,457
TRUCK,004237.jpg,25,50,1608,843
TRUCK,004239.jpg,30,78,611,403
TRUCK,004241.jpg,80,126,531,339
TRUCK,004245.jpg,55,14,529,374
TRUCK,004270.jpg,17,74,266,180
TRUCK,004281.jpg,52,80,196,187
TRUCK,004337.jpg,5,54,248,166
TRUCK,004341.jpg,8,19,266,179
TRUCK,004347.jpg,11,50,243,164
TRUCK,004353.jpg,120,154,357,255
TRUCK,004359.jpg,39,42,239,160
TRUCK,004373.jpg,31,119,441,276
CONVERTIBLE,004400.jpg,66,247,978,527
CONVERTIBLE,004401.jpg,69,109,461,284
CONVERTIBLE,004410.jpg,27,146,587,398
CONVERTIBLE,004439.jpg,64,151,373,253
CONVERTIBLE,004444.jpg,53,123,1205,656
CONVERTIBLE,004452.jpg,13,160,1271,677
COUPE,004469.jpg,42,55,264,152
COUPE,004479.jpg,49,117,386,265
COUPE,004497.jpg,7,39,295,160
COUPE,004501.jpg,130,282,1425,900
COUPE,004518.jpg,34,290,1231,644
COUPE,004524.jpg,129,119,516,284
COUPE,004549.jpg,69,63,236,140
COUPE,004553.jpg,27,94,1003,621
COUPE,004559.jpg,12,70,388,273
COUPE,004578.jpg,159,307,997,605
COUPE,004581.jpg,30,88,509,307
COUPE,004590.jpg,75,130,702,396
COUPE,004602.jpg,32,141,607,353
COUPE,004603.jpg,29,95,716,391
COUPE,004606.jpg,61,152,1231,690
COUPE,004619.jpg,28,127,481,273
COUPE,004629.jpg,43,159,462,269
SUV,004639.jpg,126,27,522,445
SUV,004644.jpg,86,164,535,391
SUV,004660.jpg,105,104,626,312
SUV,004663.jpg,63,57,577,343
SUV,004667.jpg,2,99,599,430
SUV,004670.jpg,44,71,594,416
SUV,004676.jpg,69,77,614,421
SUV,004679.jpg,14,45,621,402
SUV,004684.jpg,82,115,706,505
SUV,004693.jpg,24,168,605,405
SUV,004706.jpg,47,153,639,443
CONVERTIBLE,004724.jpg,29,66,597,228
CONVERTIBLE,004743.jpg,15,102,411,291
CONVERTIBLE,004750.jpg,56,77,515,353
CONVERTIBLE,004753.jpg,35,121,485,272
CONVERTIBLE,004757.jpg,14,128,479,331
CONVERTIBLE,004766.jpg,60,62,288,135
CONVERTIBLE,004776.jpg,21,26,269,171
CONVERTIBLE,004781.jpg,11,59,542,317
CONVERTIBLE,004783.jpg,38,81,496,277
CONVERTIBLE,004784.jpg,246,354,1214,746
CONVERTIBLE,004786.jpg,330,263,780,515
CONVERTIBLE,004792.jpg,42,76,379,262
CONVERTIBLE,004797.jpg,45,52,353,270
CONVERTIBLE,004802.jpg,58,49,245,169
SUV,004812.jpg,11,42,249,156
SUV,004818.jpg,22,154,358,319
SUV,004831.jpg,78,300,952,633
SUV,004849.jpg,57,143,1149,731
SUV,004853.jpg,5,51,197,147
SUV,004861.jpg,42,57,608,356
SUV,004865.jpg,84,97,511,380
SEDAN,004887.jpg,56,160,476,343
SEDAN,004902.jpg,51,69,618,372
SEDAN,004906.jpg,1,97,494,375
SEDAN,004917.jpg,52,129,579,320
SEDAN,004923.jpg,138,163,783,417
SEDAN,004934.jpg,61,56,536,425
SEDAN,004941.jpg,59,111,505,324
SEDAN,004947.jpg,34,210,662,425
SEDAN,004950.jpg,56,149,593,449
SUV,004986.jpg,48,51,279,179
SUV,004989.jpg,62,43,465,296
SUV,004995.jpg,115,38,526,296
SUV,005021.jpg,108,129,754,465
SUV,005031.jpg,595,447,7224,3835
SEDAN,005052.jpg,78,95,999,667
SEDAN,005068.jpg,80,295,944,717
SEDAN,005077.jpg,135,116,897,579
SEDAN,005083.jpg,188,282,1585,1157
SEDAN,005095.jpg,87,39,865,677
SEDAN,005120.jpg,201,276,700,617
VAN,005153.jpg,23,60,597,349
VAN,005170.jpg,44,119,605,398
TRUCK,005200.jpg,96,151,599,449
TRUCK,005208.jpg,24,114,618,366
TRUCK,005227.jpg,72,85,986,646
TRUCK,005228.jpg,47,18,259,156
TRUCK,005245.jpg,108,118,852,381
TRUCK,005265.jpg,63,70,553,410
TRUCK,005273.jpg,8,32,295,214
TRUCK,005277.jpg,13,36,253,160
COUPE,005288.jpg,24,148,528,343
COUPE,005307.jpg,130,157,938,537
COUPE,005321.jpg,86,79,465,249
COUPE,005329.jpg,358,403,2795,1589
COUPE,005335.jpg,99,152,616,418
COUPE,005352.jpg,50,133,411,315
SEDAN,005370.jpg,14,59,253,142
SEDAN,005381.jpg,40,81,394,227
SEDAN,005423.jpg,9,101,316,212
SEDAN,005428.jpg,34,50,452,252
SUV,005444.jpg,5,5,303,158
SUV,005452.jpg,101,66,555,407
SUV,005453.jpg,26,26,494,286
SUV,005464.jpg,143,114,546,374
SUV,005483.jpg,25,92,764,410
SUV,005496.jpg,55,187,999,625
SUV,005505.jpg,18,57,609,375
TRUCK,005532.jpg,13,67,219,177
TRUCK,005554.jpg,13,34,248,183
TRUCK,005573.jpg,14,75,624,438
TRUCK,005584.jpg,19,22,284,182
TRUCK,005591.jpg,12,59,292,169
TRUCK,005604.jpg,49,177,774,544
TRUCK,005612.jpg,17,48,234,154
TRUCK,005613.jpg,15,75,640,398
TRUCK,005617.jpg,15,36,615,385
TRUCK,005629.jpg,101,243,924,571
TRUCK,005633.jpg,39,100,479,317
TRUCK,005646.jpg,20,39,155,115
TRUCK,005653.jpg,11,45,254,157
TRUCK,005660.jpg,6,88,479,303
TRUCK,005677.jpg,92,83,586,383
VAN,005684.jpg,45,41,420,280
VAN,005688.jpg,12,7,289,232
VAN,005698.jpg,8,36,469,328
VAN,005704.jpg,6,81,613,420
VAN,005718.jpg,42,133,589,471
VAN,005731.jpg,19,2,618,400
COUPE,005752.jpg,6,30,253,152
COUPE,005775.jpg,37,72,385,259
COUPE,005777.jpg,8,20,254,155
COUPE,005780.jpg,233,98,678,368
COUPE,005782.jpg,19,41,249,115
COUPE,005801.jpg,13,211,624,427
COUPE,005804.jpg,20,128,626,446
COUPE,005817.jpg,15,6,474,284
COUPE,005825.jpg,29,65,619,419
COUPE,005828.jpg,13,33,387,166
SEDAN,005844.jpg,18,23,639,387
SEDAN,005872.jpg,54,61,558,278
SEDAN,005885.jpg,228,343,805,626
SEDAN,005890.jpg,7,47,617,414
SEDAN,005896.jpg,5,29,256,167
SEDAN,005901.jpg,59,141,935,533
SEDAN,005903.jpg,51,52,297,177
SEDAN,005916.jpg,48,139,939,641
TRUCK,005941.jpg,45,116,547,393
TRUCK,005960.jpg,39,116,353,250
TRUCK,005968.jpg,52,124,460,261
TRUCK,005975.jpg,46,231,914,651
TRUCK,005989.jpg,16,224,969,700
TRUCK,006013.jpg,161,145,628,369
TRUCK,006027.jpg,16,241,997,589
TRUCK,006037.jpg,69,99,760,516
TRUCK,006040.jpg,1,108,479,471
TRUCK,006047.jpg,80,89,558,392
TRUCK,006051.jpg,13,153,626,391
TRUCK,006058.jpg,147,118,940,663
TRUCK,006066.jpg,42,183,933,555
TRUCK,006067.jpg,47,164,1015,754
TRUCK,006071.jpg,91,123,601,429
TRUCK,006074.jpg,97,103,938,494
TRUCK,006089.jpg,24,49,609,354
TRUCK,006100.jpg,124,195,913,638
TRUCK,006102.jpg,24,187,951,600
SUV,006108.jpg,27,17,297,209
SUV,006110.jpg,36,47,611,463
SUV,006132.jpg,16,29,241,155
SUV,006139.jpg,47,69,218,171
SUV,006141.jpg,6,82,245,181
SUV,006144.jpg,5,115,545,338
SUV,006146.jpg,8,12,770,309
SUV,006165.jpg,48,20,252,161
SUV,006184.jpg,43,182,597,445
SUV,006186.jpg,54,36,430,339
SUV,006190.jpg,61,120,967,646
CONVERTIBLE,006201.jpg,30,39,210,157
CONVERTIBLE,006208.jpg,120,227,555,413
CONVERTIBLE,006212.jpg,113,69,500,333
CONVERTIBLE,006214.jpg,31,103,617,317
CONVERTIBLE,006230.jpg,55,93,608,447
CONVERTIBLE,006246.jpg,32,36,361,224
CONVERTIBLE,006252.jpg,26,116,631,444
CONVERTIBLE,006264.jpg,77,84,241,159
CONVERTIBLE,006265.jpg,14,40,261,183
CONVERTIBLE,006270.jpg,21,66,458,289
VAN,006273.jpg,32,114,688,406
VAN,006306.jpg,4,24,417,309
VAN,006322.jpg,36,149,1001,623
VAN,006324.jpg,66,93,381,284
VAN,006329.jpg,2,29,458,261
VAN,006334.jpg,78,10,478,258
VAN,006346.jpg,6,69,279,172
SEDAN,006352.jpg,33,98,594,391
SEDAN,006364.jpg,28,376,1564,985
SEDAN,006367.jpg,23,33,626,393
SEDAN,006369.jpg,19,5,587,359
SEDAN,006376.jpg,5,169,799,506
SEDAN,006390.jpg,50,48,611,453
SEDAN,006397.jpg,45,226,963,628
SEDAN,006399.jpg,68,137,663,402
SEDAN,006405.jpg,20,116,608,407
SEDAN,006413.jpg,96,150,768,490
SEDAN,006418.jpg,54,80,582,401
SEDAN,006440.jpg,22,130,976,621
CONVERTIBLE,006446.jpg,10,52,251,132
CONVERTIBLE,006451.jpg,4,13,189,132
CONVERTIBLE,006454.jpg,19,54,246,170
CONVERTIBLE,006457.jpg,7,61,290,205
CONVERTIBLE,006469.jpg,35,42,194,105
CONVERTIBLE,006483.jpg,110,185,832,608
CONVERTIBLE,006498.jpg,9,22,158,94
CONVERTIBLE,006499.jpg,45,111,359,244
CONVERTIBLE,006500.jpg,2,52,253,167
CONVERTIBLE,006504.jpg,19,370,881,654
CONVERTIBLE,006510.jpg,31,56,236,172
CONVERTIBLE,006519.jpg,17,60,630,380
CONVERTIBLE,006523.jpg,19,22,578,317
CONVERTIBLE,006540.jpg,74,299,973,744
CONVERTIBLE,006542.jpg,95,208,880,715
CONVERTIBLE,006543.jpg,28,34,1022,756
CONVERTIBLE,006547.jpg,23,68,626,450
CONVERTIBLE,006553.jpg,17,34,993,563
CONVERTIBLE,006558.jpg,37,109,692,363
CONVERTIBLE,006573.jpg,17,41,484,265
CONVERTIBLE,006597.jpg,122,99,412,313
CONVERTIBLE,006599.jpg,62,44,845,561
CONVERTIBLE,006603.jpg,47,27,602,390
CONVERTIBLE,006604.jpg,12,121,462,296
CONVERTIBLE,006614.jpg,9,27,453,234
WAGON,006637.jpg,82,60,445,301
WAGON,006638.jpg,54,49,528,336
WAGON,006640.jpg,55,16,499,280
WAGON,006649.jpg,160,79,699,457
WAGON,006675.jpg,26,86,637,414
WAGON,006682.jpg,40,118,754,493
WAGON,006690.jpg,39,26,213,180
WAGON,006716.jpg,15,7,231,142
WAGON,006719.jpg,47,220,980,715
WAGON,006720.jpg,5,56,430,245
WAGON,006754.jpg,65,122,536,411
WAGON,006765.jpg,265,508,1408,1150
WAGON,006770.jpg,11,34,300,191
WAGON,006799.jpg,87,77,545,362
WAGON,006801.jpg,20,13,247,187
WAGON,006806.jpg,51,24,257,194
WAGON,006814.jpg,31,20,592,352
WAGON,006836.jpg,47,132,898,594
WAGON,006846.jpg,16,43,244,176
WAGON,006862.jpg,31,69,615,447
VAN,006885.jpg,11,44,463,319
VAN,006895.jpg,67,14,606,474
VAN,006914.jpg,11,47,625,451
VAN,006936.jpg,82,134,2400,1366
VAN,006951.jpg,18,59,583,376
TRUCK,006965.jpg,87,104,668,423
TRUCK,006980.jpg,81,62,1201,729
TRUCK,006986.jpg,18,67,496,342
TRUCK,007035.jpg,3,77,623,434
TRUCK,007045.jpg,51,29,612,446
TRUCK,007048.jpg,2,103,633,444
TRUCK,007070.jpg,2,158,640,419
TRUCK,007077.jpg,45,157,596,395
TRUCK,007082.jpg,36,113,535,437
TRUCK,007087.jpg,13,55,618,435
TRUCK,007090.jpg,53,45,530,370
TRUCK,007098.jpg,27,57,579,435
TRUCK,007103.jpg,29,119,603,455
TRUCK,007104.jpg,73,93,573,413
TRUCK,007128.jpg,50,45,1723,824
TRUCK,007131.jpg,23,30,547,273
VAN,007136.jpg,1,8,111,78
VAN,007144.jpg,17,33,389,281
VAN,007145.jpg,51,24,259,147
VAN,007158.jpg,5,40,295,173
VAN,007159.jpg,8,139,605,431
VAN,007160.jpg,15,35,261,147
VAN,007162.jpg,9,11,141,85
VAN,007165.jpg,17,45,244,147
VAN,007184.jpg,15,48,291,170
VAN,007207.jpg,42,116,541,331
SUV,007237.jpg,92,87,593,383
SUV,007241.jpg,127,166,947,559
SUV,007252.jpg,135,195,915,729
SUV,007253.jpg,346,293,1027,764
SUV,007258.jpg,57,229,880,725
SUV,007263.jpg,8,54,626,456
SUV,007293.jpg,22,56,618,392
SUV,007294.jpg,39,65,678,364
SUV,007297.jpg,69,69,686,439
TRUCK,007310.jpg,57,39,200,156
TRUCK,007325.jpg,8,29,276,178
TRUCK,007341.jpg,35,57,239,183
TRUCK,007359.jpg,2,35,251,192
TRUCK,007361.jpg,8,42,493,256
TRUCK,007384.jpg,41,181,607,465
TRUCK,007397.jpg,72,94,577,397
TRUCK,007421.jpg,1,92,714,575
TRUCK,007425.jpg,22,82,631,461
TRUCK,007426.jpg,7,47,252,161
TRUCK,007443.jpg,59,174,951,642
TRUCK,007447.jpg,8,37,430,313
WAGON,007466.jpg,1,49,234,141
WAGON,007478.jpg,26,26,268,160
WAGON,007479.jpg,13,67,284,154
WAGON,007500.jpg,8,50,242,129
WAGON,007512.jpg,36,91,571,404
WAGON,007513.jpg,29,47,750,359
WAGON,007525.jpg,12,124,580,300
WAGON,007530.jpg,10,44,251,175
WAGON,007534.jpg,98,500,1329,964
WAGON,007539.jpg,33,70,234,164
WAGON,007540.jpg,28,124,493,274
COUPE,007541.jpg,13,88,483,259
COUPE,007563.jpg,107,123,554,422
COUPE,007564.jpg,14,97,493,359
COUPE,007570.jpg,2,79,479,359
COUPE,007592.jpg,64,334,1531,946
SUV,007635.jpg,67,44,523,393
SUV,007657.jpg,135,120,869,619
SUV,007663.jpg,124,132,522,283
SUV,007688.jpg,24,111,1024,657
SUV,007692.jpg,35,56,788,511
SUV,007693.jpg,74,95,942,667
SUV,007706.jpg,17,67,631,387
SUV,007707.jpg,151,172,909,627
SUV,007718.jpg,19,184,886,722
SUV,007720.jpg,4,25,257,165
SUV,007729.jpg,55,91,614,439
SUV,007739.jpg,39,59,416,322
SUV,007757.jpg,82,18,249,149
SUV,007761.jpg,20,193,926,734
SUV,007767.jpg,34,14,276,208
SUV,007786.jpg,42,91,613,395
SUV,007787.jpg,44,85,389,259
SUV,007791.jpg,47,2,275,219
SUV,007796.jpg,18,29,421,261
SEDAN,007810.jpg,24,117,468,364
SEDAN,007814.jpg,56,237,960,611
SEDAN,007838.jpg,61,87,692,397
SEDAN,007843.jpg,62,96,584,379
SEDAN,007849.jpg,39,248,736,503
SEDAN,007855.jpg,49,152,1133,622
SEDAN,007858.jpg,6,31,581,269
SEDAN,007866.jpg,10,21,689,526
SEDAN,007868.jpg,54,85,575,361
SEDAN,007872.jpg,35,86,857,447
SEDAN,007875.jpg,68,115,520,354
SEDAN,007876.jpg,108,150,546,375
SEDAN,007880.jpg,91,246,1499,947
SEDAN,007928.jpg,47,202,352,407
SEDAN,007939.jpg,2,16,259,182
SEDAN,007945.jpg,24,15,422,234
SEDAN,007956.jpg,22,100,624,341
SEDAN,007958.jpg,23,18,968,545
HATCHBACK,007963.jpg,16,74,283,189
HATCHBACK,007969.jpg,61,66,737,430
HATCHBACK,007977.jpg,14,126,500,296
HATCHBACK,007983.jpg,94,440,1049,917
HATCHBACK,008008.jpg,75,82,328,204
HATCHBACK,008024.jpg,13,11,432,333
HATCHBACK,008025.jpg,88,175,697,451
HATCHBACK,008031.jpg,29,135,373,294
HATCHBACK,008036.jpg,26,11,985,484
HATCHBACK,008042.jpg,29,81,386,253
HATCHBACK,008055.jpg,115,133,715,569
HATCHBACK,008056.jpg,137,76,600,370
HATCHBACK,008058.jpg,54,1,849,530
HATCHBACK,008099.jpg,44,9,625,371
HATCHBACK,008104.jpg,236,267,1016,708
HATCHBACK,008105.jpg,82,38,639,420
CONVERTIBLE,008111.jpg,114,122,524,375
CONVERTIBLE,008119.jpg,82,124,739,437
CONVERTIBLE,008121.jpg,274,376,1120,826
CONVERTIBLE,008127.jpg,170,93,524,345
CONVERTIBLE,008153.jpg,147,8,512,348
CONVERTIBLE,008172.jpg,94,31,239,162
COUPE,008185.jpg,150,239,780,479
COUPE,008200.jpg,22,138,515,284
COUPE,008212.jpg,1,133,580,358
COUPE,008213.jpg,54,246,678,553
COUPE,008221.jpg,75,15,607,416
COUPE,008227.jpg,53,27,593,346
COUPE,008238.jpg,12,157,578,410
COUPE,008240.jpg,60,70,587,334
COUPE,008249.jpg,114,172,577,300
CONVERTIBLE,008261.jpg,34,134,567,384
CONVERTIBLE,008299.jpg,85,273,493,425
CONVERTIBLE,008308.jpg,31,147,605,383
CONVERTIBLE,008313.jpg,48,172,548,329
CONVERTIBLE,008315.jpg,50,222,1231,758
CONVERTIBLE,008318.jpg,466,242,1175,654
CONVERTIBLE,008328.jpg,1,27,300,166
CONVERTIBLE,008338.jpg,4,3,318,158
CONVERTIBLE,008340.jpg,20,112,604,348
CONVERTIBLE,008385.jpg,74,206,517,324
CONVERTIBLE,008390.jpg,50,100,645,440
CONVERTIBLE,008406.jpg,17,52,484,305
COUPE,008418.jpg,50,56,226,129
COUPE,008428.jpg,109,89,467,280
COUPE,008443.jpg,9,55,580,366
COUPE,008486.jpg,21,47,315,223
SEDAN,008505.jpg,32,52,593,324
SEDAN,008509.jpg,54,8,595,349
SEDAN,008519.jpg,109,118,550,304
SEDAN,008539.jpg,51,119,734,568
SEDAN,008541.jpg,24,268,1022,567
SEDAN,008545.jpg,31,46,294,161
SEDAN,008554.jpg,245,503,1127,849
SEDAN,008556.jpg,15,168,617,389
SEDAN,008557.jpg,49,80,230,166
TRUCK,008605.jpg,21,31,609,359
TRUCK,008611.jpg,29,5,211,144
TRUCK,008654.jpg,107,112,953,617
TRUCK,008655.jpg,24,19,179,119
TRUCK,008660.jpg,18,48,238,179
TRUCK,008666.jpg,61,89,448,334
TRUCK,008670.jpg,5,16,92,63
CONVERTIBLE,008703.jpg,3,33,261,176
CONVERTIBLE,008704.jpg,17,67,632,416
CONVERTIBLE,008712.jpg,24,76,442,322
CONVERTIBLE,008722.jpg,74,71,601,363
CONVERTIBLE,008726.jpg,43,51,435,252
CONVERTIBLE,008728.jpg,7,38,265,160
CONVERTIBLE,008742.jpg,7,69,630,390
CONVERTIBLE,008752.jpg,38,23,219,159
CONVERTIBLE,008761.jpg,9,72,784,455
VAN,008777.jpg,5,8,199,109
VAN,008779.jpg,5,15,298,139
VAN,008782.jpg,4,69,402,245
VAN,008783.jpg,31,55,216,132
VAN,008797.jpg,15,60,388,264
VAN,008807.jpg,17,62,232,148
VAN,008824.jpg,24,43,249,186
VAN,008829.jpg,33,78,359,193
VAN,008833.jpg,609,9,3986,3039
VAN,008841.jpg,6,5,197,116
VAN,008847.jpg,35,63,245,155
SUV,008851.jpg,29,108,606,416
SUV,008854.jpg,31,38,631,438
SUV,008878.jpg,26,16,244,164
SUV,008879.jpg,24,41,277,198
SUV,008894.jpg,58,50,289,187
SUV,008904.jpg,73,120,565,380
SUV,008913.jpg,34,35,232,160
SUV,008916.jpg,20,11,633,339
SUV,008919.jpg,119,139,543,461
SUV,008928.jpg,23,100,437,254
SUV,008936.jpg,7,106,614,420
SUV,008937.jpg,35,29,336,301
SUV,008941.jpg,45,132,533,401
SUV,008953.jpg,39,135,512,346
SUV,008986.jpg,4,18,480,333
SUV,008990.jpg,48,66,596,296
SUV,008995.jpg,143,105,1902,1395
SUV,009002.jpg,41,110,575,408
SUV,009012.jpg,80,26,350,195
SUV,009018.jpg,136,35,511,344
SUV,009024.jpg,310,503,1833,1211
TRUCK,009025.jpg,68,125,572,363
TRUCK,009040.jpg,41,81,629,410
TRUCK,009048.jpg,5,126,633,361
TRUCK,009062.jpg,1,18,300,147
TRUCK,009078.jpg,14,59,1266,744
TRUCK,009083.jpg,52,20,242,181
TRUCK,009103.jpg,17,12,259,175
COUPE,009123.jpg,64,246,955,590
COUPE,009126.jpg,19,60,783,440
COUPE,009128.jpg,253,313,1372,919
COUPE,009138.jpg,44,243,1259,711
COUPE,009142.jpg,139,244,1534,1081
COUPE,009154.jpg,61,138,768,526
COUPE,009163.jpg,22,37,772,351
COUPE,009171.jpg,72,84,772,511
COUPE,009174.jpg,192,274,950,636
COUPE,009189.jpg,219,263,816,586
COUPE,009199.jpg,5,51,1364,767
TRUCK,009202.jpg,23,54,237,171
TRUCK,009218.jpg,17,36,252,174
TRUCK,009221.jpg,28,182,467,340
TRUCK,009257.jpg,17,40,492,326
TRUCK,009258.jpg,54,61,579,408
TRUCK,009262.jpg,25,123,468,298
TRUCK,009265.jpg,109,163,584,413
TRUCK,009274.jpg,45,63,596,405
TRUCK,009277.jpg,1,42,595,432
TRUCK,009285.jpg,12,78,741,424
TRUCK,009291.jpg,5,43,296,211
TRUCK,009301.jpg,69,128,444,268
TRUCK,009305.jpg,41,52,218,170
TRUCK,009312.jpg,10,105,660,475
TRUCK,009313.jpg,25,124,552,308
TRUCK,009338.jpg,60,124,738,541
TRUCK,009358.jpg,74,210,978,510
TRUCK,009365.jpg,12,45,187,153
SEDAN,009383.jpg,20,222,948,654
SEDAN,009388.jpg,47,211,623,426
SEDAN,009389.jpg,65,153,601,416
SEDAN,009430.jpg,16,38,183,129
SEDAN,009432.jpg,36,71,394,307
SEDAN,009440.jpg,181,349,1115,822
SEDAN,009463.jpg,38,104,599,385
SEDAN,009464.jpg,6,83,492,314
VAN,009470.jpg,26,41,521,287
VAN,009476.jpg,11,34,171,91
VAN,009482.jpg,13,34,235,184
VAN,009491.jpg,27,67,620,474
VAN,009497.jpg,69,120,739,502
VAN,009504.jpg,44,103,707,518
VAN,009510.jpg,20,22,249,184
VAN,009526.jpg,70,79,484,363
SEDAN,009540.jpg,26,74,618,411
SEDAN,009542.jpg,10,44,1027,557
SEDAN,009562.jpg,28,144,464,356
SEDAN,009564.jpg,31,71,541,284
SEDAN,009565.jpg,42,70,556,338
SEDAN,009566.jpg,14,54,481,323
SEDAN,009598.jpg,90,183,822,560
SEDAN,009623.jpg,60,84,415,312
SEDAN,009624.jpg,10,1,484,246
SUV,009636.jpg,41,95,607,379
SUV,009651.jpg,22,38,480,274
SUV,009679.jpg,114,137,948,594
SUV,009686.jpg,38,51,225,163
SUV,009687.jpg,27,23,388,228
SUV,009693.jpg,81,68,385,310
SUV,009702.jpg,42,181,585,408
VAN,009713.jpg,22,39,588,362
VAN,009731.jpg,22,84,252,168
VAN,009751.jpg,14,55,300,213
SUV,009774.jpg,26,61,508,342
SUV,009776.jpg,90,163,547,439
SUV,009780.jpg,23,89,556,327
SUV,009782.jpg,33,87,468,278
SUV,009792.jpg,125,129,499,348
SUV,009794.jpg,37,71,668,441
SUV,009799.jpg,103,180,587,434
SUV,009803.jpg,22,53,1773,1013
SUV,009828.jpg,25,114,539,338
SUV,009860.jpg,63,46,742,328
SUV,009869.jpg,7,46,195,148
SUV,009875.jpg,57,124,558,381
SUV,009887.jpg,39,96,760,538
SUV,009897.jpg,12,90,624,423
SUV,009910.jpg,7,20,255,175
SUV,009911.jpg,33,46,383,309
SUV,009929.jpg,86,32,554,465
TRUCK,009950.jpg,50,33,229,144
TRUCK,009951.jpg,20,87,600,391
TRUCK,009966.jpg,1,87,791,430
TRUCK,009980.jpg,61,206,996,621
TRUCK,009985.jpg,147,51,896,686
TRUCK,009986.jpg,12,52,275,208
TRUCK,010020.jpg,16,45,249,189
VAN,010043.jpg,129,265,1980,1114
VAN,010047.jpg,147,434,1954,1233
CONVERTIBLE,010107.jpg,1,14,352,256
CONVERTIBLE,010135.jpg,40,91,1504,983
CONVERTIBLE,010146.jpg,5,6,113,70
CONVERTIBLE,010150.jpg,53,27,463,313
CONVERTIBLE,010154.jpg,8,8,228,123
CONVERTIBLE,010156.jpg,51,115,568,412
CONVERTIBLE,010160.jpg,344,156,1352,998
CONVERTIBLE,010180.jpg,12,14,563,260
CONVERTIBLE,010186.jpg,64,197,474,341
TRUCK,010205.jpg,241,192,542,357
TRUCK,010209.jpg,199,184,1116,809
TRUCK,010224.jpg,69,84,519,375
TRUCK,010229.jpg,5,82,440,277
TRUCK,010245.jpg,13,41,624,480
SUV,010273.jpg,19,241,1576,1129
SUV,010274.jpg,33,120,514,471
SUV,010277.jpg,47,57,612,455
SUV,010278.jpg,31,90,543,385
SUV,010289.jpg,22,63,441,259
SUV,010298.jpg,501,709,1261,1169
SUV,010300.jpg,14,41,244,146
SUV,010308.jpg,30,65,545,506
SUV,010309.jpg,68,129,571,349
SUV,010328.jpg,43,114,577,381
SUV,010330.jpg,63,219,1254,834
SUV,010341.jpg,42,69,448,253
VAN,010366.jpg,39,63,579,407
VAN,010369.jpg,84,88,438,292
VAN,010374.jpg,57,139,537,364
VAN,010440.jpg,50,122,589,338
VAN,010441.jpg,18,77,600,393
VAN,010446.jpg,17,29,640,445
VAN,010466.jpg,93,138,907,536
VAN,010471.jpg,20,55,285,177
VAN,010487.jpg,89,101,913,583
VAN,010490.jpg,24,52,471,325
VAN,010492.jpg,21,224,641,451
VAN,010513.jpg,28,82,489,261
COUPE,010527.jpg,27,45,284,155
COUPE,010533.jpg,8,61,295,156
COUPE,010535.jpg,90,108,579,378
COUPE,010538.jpg,6,165,545,360
COUPE,010561.jpg,21,55,241,164
COUPE,010563.jpg,93,174,709,400
COUPE,010571.jpg,18,130,1005,656
COUPE,010593.jpg,19,14,244,182
SEDAN,010597.jpg,123,207,947,543
SEDAN,010622.jpg,49,88,226,172
SEDAN,010633.jpg,23,38,263,145
SEDAN,010634.jpg,24,117,618,366
SEDAN,010639.jpg,159,113,480,393
SEDAN,010653.jpg,67,101,577,384
HATCHBACK,010686.jpg,69,181,424,373
HATCHBACK,010687.jpg,111,58,451,312
HATCHBACK,010693.jpg,139,134,395,257
HATCHBACK,010711.jpg,142,230,1476,983
HATCHBACK,010736.jpg,157,291,848,525
SUV,010766.jpg,6,32,250,191
SUV,010773.jpg,15,46,290,207
SUV,010786.jpg,14,6,263,173
SUV,010787.jpg,20,58,243,162
SUV,010802.jpg,107,123,705,447
SUV,010806.jpg,20,8,185,113
SUV,010809.jpg,25,31,567,433
SUV,010812.jpg,89,27,552,458
SUV,010817.jpg,104,42,610,422
SUV,010818.jpg,57,40,395,272
SUV,010860.jpg,127,155,525,383
SUV,010870.jpg,157,172,693,441
SUV,010883.jpg,75,69,690,529
SUV,010918.jpg,66,45,560,385
SUV,010962.jpg,382,172,1249,883
SUV,010978.jpg,151,78,564,441
SUV,011002.jpg,44,26,581,395
SUV,011005.jpg,94,124,651,429
SUV,011008.jpg,89,96,557,401
SEDAN,011037.jpg,27,48,279,175
SEDAN,011051.jpg,51,22,473,315
SEDAN,011052.jpg,44,72,289,208
SEDAN,011055.jpg,24,57,286,188
SEDAN,011064.jpg,11,34,285,161
SEDAN,011069.jpg,88,143,452,379
SEDAN,011083.jpg,19,88,390,228
SEDAN,011093.jpg,14,42,613,384
SEDAN,011104.jpg,40,68,487,263
SEDAN,011113.jpg,15,188,463,350
SEDAN,011114.jpg,74,187,917,734
SEDAN,011122.jpg,68,84,696,466
SEDAN,011133.jpg,44,14,470,354
SEDAN,011140.jpg,25,27,218,140
SEDAN,011146.jpg,12,35,281,179
SEDAN,011150.jpg,28,107,385,240
SEDAN,011170.jpg,17,40,245,153
SEDAN,011171.jpg,48,171,678,400
SEDAN,011191.jpg,152,24,616,310
SEDAN,011193.jpg,101,161,608,403
SEDAN,011208.jpg,88,13,825,591
SEDAN,011209.jpg,67,68,635,451
SEDAN,011211.jpg,84,54,443,313
SEDAN,011213.jpg,143,89,390,238
SEDAN,011222.jpg,33,87,470,296
SEDAN,011226.jpg,70,100,657,324
SEDAN,011228.jpg,47,106,880,447
SEDAN,011247.jpg,37,31,557,306
SEDAN,011249.jpg,54,77,609,402
SEDAN,011259.jpg,51,115,596,429
SEDAN,011263.jpg,138,150,585,356
SEDAN,011264.jpg,56,131,585,367
SEDAN,011267.jpg,239,210,1155,689
SEDAN,011285.jpg,33,213,589,433
SEDAN,011290.jpg,18,96,600,402
SEDAN,011291.jpg,13,54,619,433
SEDAN,011314.jpg,302,432,1226,802
SEDAN,011338.jpg,63,183,582,417
SEDAN,011350.jpg,21,49,444,286
SEDAN,011354.jpg,100,70,674,396
SEDAN,011363.jpg,31,172,577,429
SEDAN,011369.jpg,27,95,617,380
SEDAN,011370.jpg,99,192,631,481
SEDAN,011372.jpg,25,3,631,433
HATCHBACK,011381.jpg,26,18,698,468
HATCHBACK,011382.jpg,35,81,428,294
HATCHBACK,011419.jpg,53,109,951,700
HATCHBACK,011452.jpg,77,127,571,387
SEDAN,011463.jpg,44,62,589,415
SEDAN,011471.jpg,58,226,757,517
SEDAN,011493.jpg,383,797,2407,1754
SEDAN,011502.jpg,45,36,993,381
SEDAN,011513.jpg,111,6,1833,1196
SEDAN,011519.jpg,147,150,963,513
SEDAN,011538.jpg,46,353,1185,977
COUPE,011547.jpg,114,128,800,432
COUPE,011559.jpg,17,75,279,158
COUPE,011565.jpg,58,217,975,608
COUPE,011567.jpg,84,79,668,313
COUPE,011575.jpg,15,53,355,223
COUPE,011578.jpg,133,368,1311,928
COUPE,011601.jpg,1,60,159,137
COUPE,011603.jpg,24,167,372,300
SUV,011615.jpg,88,122,1200,772
SUV,011618.jpg,27,147,573,471
SUV,011621.jpg,67,69,412,256
SUV,011626.jpg,6,21,318,140
SUV,011629.jpg,18,119,612,390
SUV,011640.jpg,41,35,592,377
SUV,011643.jpg,3,9,249,144
SUV,011644.jpg,141,144,686,365
SUV,011654.jpg,115,83,692,379
SUV,011675.jpg,20,15,431,253
SUV,011676.jpg,16,17,586,235
SUV,011689.jpg,37,21,169,122
SUV,011704.jpg,8,23,233,174
SUV,011716.jpg,26,69,227,194
SUV,011728.jpg,151,49,690,435
SUV,011740.jpg,18,22,246,172
SUV,011748.jpg,9,25,256,184
SUV,011750.jpg,42,47,223,168
SUV,011753.jpg,26,14,235,179
COUPE,011757.jpg,47,18,562,355
COUPE,011773.jpg,34,93,620,350
COUPE,011775.jpg,80,73,706,438
COUPE,011779.jpg,353,314,955,568
COUPE,011782.jpg,52,340,453,700
COUPE,011801.jpg,105,127,481,322
COUPE,011831.jpg,115,42,1161,742
COUPE,011833.jpg,134,70,539,369
SUV,011850.jpg,36,132,985,656
SUV,011854.jpg,95,67,663,370
SUV,011871.jpg,395,247,1812,1254
SUV,011882.jpg,29,82,631,472
SUV,011887.jpg,296,222,1121,607
SUV,011901.jpg,44,40,763,426
SUV,011904.jpg,178,85,984,686
SUV,011910.jpg,196,79,581,328
SUV,011912.jpg,165,168,469,364
SUV,011917.jpg,43,85,703,538
SUV,011950.jpg,73,105,282,256
SUV,011976.jpg,35,16,383,193
SUV,011986.jpg,12,12,595,426
SUV,011991.jpg,33,50,587,456
SUV,012004.jpg,8,8,639,480
SUV,012006.jpg,127,53,582,421
SUV,012014.jpg,22,44,406,312
SUV,012033.jpg,64,120,886,767
SUV,012036.jpg,117,181,684,537
SUV,012061.jpg,64,59,948,675
SUV,012072.jpg,135,168,850,706
SUV,012085.jpg,33,115,684,484
SUV,012102.jpg,18,39,615,425
SUV,012110.jpg,78,24,898,721
SUV,012120.jpg,88,220,500,430
SUV,012126.jpg,126,118,768,538
SUV,012127.jpg,97,193,923,631
SUV,012129.jpg,60,44,313,206
SUV,012130.jpg,22,186,975,652
SUV,012134.jpg,54,91,268,211
SUV,012138.jpg,2,22,296,199
SUV,012158.jpg,25,44,237,177
SUV,012174.jpg,20,47,247,172
SUV,012180.jpg,22,38,545,360
SUV,012185.jpg,20,11,281,185
SUV,012188.jpg,4,94,272,201
SUV,012197.jpg,67,65,965,550
SUV,012199.jpg,7,32,254,178
SUV,012207.jpg,103,126,561,414
SUV,012214.jpg,55,22,593,399
SUV,012220.jpg,47,76,556,375
SUV,012223.jpg,55,71,883,607
SUV,012231.jpg,75,5,552,353
SUV,012271.jpg,55,105,974,702
SUV,012280.jpg,50,25,599,401
COUPE,012313.jpg,207,454,1766,1100
COUPE,012333.jpg,18,89,623,391
COUPE,012351.jpg,97,48,569,290
COUPE,012355.jpg,71,129,403,312
COUPE,012375.jpg,56,79,552,251
COUPE,012378.jpg,33,73,396,307
COUPE,012397.jpg,187,9,688,713
COUPE,012399.jpg,1,133,400,285
COUPE,012403.jpg,16,80,254,152
COUPE,012404.jpg,133,151,450,286
COUPE,012426.jpg,7,8,569,450
COUPE,012430.jpg,209,300,1447,812
COUPE,012439.jpg,45,1,375,248
COUPE,012463.jpg,63,63,366,213
COUPE,012501.jpg,11,38,125,84
COUPE,012504.jpg,1,30,394,217
COUPE,012509.jpg,46,39,485,322
COUPE,012513.jpg,163,204,602,379
COUPE,012551.jpg,74,224,448,368
COUPE,012555.jpg,8,108,350,240
COUPE,012562.jpg,157,196,642,345
SUV,012617.jpg,27,84,492,375
SUV,012635.jpg,42,79,613,480
SUV,012651.jpg,157,193,901,709
SUV,012674.jpg,35,142,1250,776
SUV,012676.jpg,291,146,630,394
SUV,012680.jpg,47,135,565,341
SUV,012709.jpg,23,145,603,410
SUV,012713.jpg,50,159,595,456
SUV,012719.jpg,54,87,462,316
SUV,012721.jpg,119,90,269,185
SUV,012735.jpg,25,63,615,401
SUV,012754.jpg,238,177,778,652
SUV,012755.jpg,55,77,607,434
SUV,012759.jpg,45,138,605,445
SUV,012775.jpg,15,64,284,202
SEDAN,012784.jpg,14,29,235,168
SEDAN,012796.jpg,102,72,528,377
SEDAN,012803.jpg,13,77,282,198
SEDAN,012809.jpg,40,53,561,346
SEDAN,012818.jpg,37,40,464,190
SEDAN,012820.jpg,1,45,299,183
SEDAN,012853.jpg,27,6,278,164
CONVERTIBLE,012856.jpg,57,46,273,183
CONVERTIBLE,012860.jpg,138,87,542,359
CONVERTIBLE,012869.jpg,1,31,149,148
CONVERTIBLE,012874.jpg,154,313,963,623
CONVERTIBLE,012876.jpg,60,283,926,619
CONVERTIBLE,012882.jpg,223,66,552,261
CONVERTIBLE,012900.jpg,31,32,210,158
CONVERTIBLE,012912.jpg,15,42,119,107
CONVERTIBLE,012923.jpg,76,32,270,172
CONVERTIBLE,012942.jpg,15,90,592,300
CONVERTIBLE,012943.jpg,7,129,796,475
CONVERTIBLE,012954.jpg,180,78,600,402
CONVERTIBLE,012961.jpg,104,38,652,466
CONVERTIBLE,012962.jpg,125,330,1230,843
CONVERTIBLE,012964.jpg,12,81,242,172
CONVERTIBLE,012969.jpg,26,138,136,173
SUV,012990.jpg,14,12,383,193
SUV,013014.jpg,30,56,619,395
SUV,013041.jpg,26,56,615,391
SUV,013046.jpg,100,22,1223,755
SUV,013056.jpg,12,10,503,300
COUPE,013060.jpg,27,22,581,325
COUPE,013067.jpg,12,44,288,165
COUPE,013075.jpg,111,260,636,524
COUPE,013085.jpg,250,172,1594,980
COUPE,013094.jpg,55,16,767,500
COUPE,013104.jpg,15,95,628,399
COUPE,013109.jpg,61,78,584,312
COUPE,013113.jpg,53,41,282,140
COUPE,013124.jpg,46,136,753,441
COUPE,013126.jpg,27,122,616,362
COUPE,013130.jpg,343,190,831,449
COUPE,013142.jpg,116,440,836,752
CONVERTIBLE,013148.jpg,51,256,1007,585
CONVERTIBLE,013160.jpg,1,37,197,144
CONVERTIBLE,013161.jpg,4,15,146,93
CONVERTIBLE,013171.jpg,5,78,257,169
CONVERTIBLE,013182.jpg,36,35,467,313
CONVERTIBLE,013197.jpg,95,157,612,332
CONVERTIBLE,013210.jpg,38,150,581,390
CONVERTIBLE,013221.jpg,7,113,573,335
CONVERTIBLE,013230.jpg,51,127,599,384
CONVERTIBLE,013232.jpg,6,38,126,91
CONVERTIBLE,013238.jpg,47,99,595,455
SEDAN,013245.jpg,59,87,1737,1211
SEDAN,013246.jpg,6,30,270,162
SEDAN,013247.jpg,58,94,467,293
SEDAN,013252.jpg,37,50,272,188
SEDAN,013267.jpg,20,47,291,212
SEDAN,013272.jpg,43,135,756,420
SEDAN,013281.jpg,46,28,217,141
SEDAN,013282.jpg,20,65,612,409
SEDAN,013292.jpg,8,9,250,171
SEDAN,013295.jpg,36,406,2031,1189
SEDAN,013300.jpg,5,159,484,359
SEDAN,013305.jpg,13,35,399,243
SEDAN,013306.jpg,16,33,245,204
SEDAN,013316.jpg,30,103,613,380
SEDAN,013319.jpg,36,84,567,371
COUPE,013347.jpg,187,124,683,454
COUPE,013371.jpg,301,226,1093,730
COUPE,013385.jpg,247,199,1534,1057
COUPE,013399.jpg,144,297,905,669
SEDAN,013420.jpg,118,397,682,619
SEDAN,013439.jpg,732,282,1633,963
SEDAN,013468.jpg,122,406,1103,832
SEDAN,013478.jpg,744,1651,3811,2930
SEDAN,013484.jpg,445,240,984,479
SEDAN,013486.jpg,87,59,1139,662
SEDAN,013488.jpg,111,128,1228,691
SEDAN,013522.jpg,17,72,602,386
SEDAN,013540.jpg,229,67,1762,1153
SEDAN,013561.jpg,19,31,238,116
SEDAN,013564.jpg,72,109,513,301
SEDAN,013570.jpg,130,185,506,417
SEDAN,013572.jpg,22,186,893,548
SEDAN,013577.jpg,6,15,273,126
SEDAN,013581.jpg,11,42,487,253
VAN,013582.jpg,34,108,595,410
VAN,013618.jpg,109,196,1483,1087
VAN,013621.jpg,62,9,682,427
VAN,013626.jpg,177,93,596,434
VAN,013662.jpg,120,105,576,414
SEDAN,013667.jpg,184,209,1227,727
SEDAN,013671.jpg,576,466,2994,1953
SEDAN,013672.jpg,32,28,730,512
SEDAN,013689.jpg,109,224,890,619
SEDAN,013690.jpg,55,130,989,713
SEDAN,013691.jpg,91,197,949,606
SEDAN,013729.jpg,7,112,1009,767
SEDAN,013735.jpg,205,169,1155,657
SEDAN,013737.jpg,54,44,1227,750
SEDAN,013740.jpg,18,137,988,686
SEDAN,013756.jpg,34,203,736,570
HATCHBACK,013771.jpg,590,243,1455,829
HATCHBACK,013776.jpg,42,80,727,420
HATCHBACK,013793.jpg,23,4,641,339
HATCHBACK,013810.jpg,111,230,515,374
HATCHBACK,013818.jpg,321,272,644,422
HATCHBACK,013836.jpg,107,167,595,445
VAN,013847.jpg,187,91,509,315
VAN,013858.jpg,51,38,603,432
VAN,013887.jpg,258,14,554,252
VAN,013888.jpg,432,181,786,401
VAN,013895.jpg,11,25,687,365
VAN,013897.jpg,15,11,508,353
VAN,013899.jpg,31,59,572,385
VAN,013904.jpg,55,78,534,352
VAN,013918.jpg,33,102,573,453
HATCHBACK,013928.jpg,43,226,1001,630
HATCHBACK,013936.jpg,1009,313,1934,1023
HATCHBACK,013940.jpg,19,229,1801,1144
HATCHBACK,013948.jpg,113,276,1150,788
HATCHBACK,013963.jpg,32,162,2577,1730
HATCHBACK,013982.jpg,66,247,949,644
HATCHBACK,013984.jpg,260,169,994,742
HATCHBACK,013986.jpg,154,243,2245,1560
HATCHBACK,013987.jpg,51,137,928,658
HATCHBACK,013999.jpg,190,446,1357,926
COUPE,014017.jpg,1,63,619,411
COUPE,014020.jpg,78,185,933,505
COUPE,014024.jpg,53,114,577,299
COUPE,014029.jpg,108,292,1243,850
COUPE,014033.jpg,69,66,559,333
COUPE,014035.jpg,9,24,200,109
COUPE,014041.jpg,44,318,976,640
COUPE,014052.jpg,23,35,178,137
COUPE,014054.jpg,25,37,577,366
COUPE,014068.jpg,19,180,491,311
COUPE,014077.jpg,50,126,446,273
COUPE,014098.jpg,27,101,368,232
COUPE,014099.jpg,12,60,296,156
COUPE,014101.jpg,132,48,533,395
COUPE,014105.jpg,48,120,589,371
COUPE,014115.jpg,1,328,758,773
COUPE,014126.jpg,114,11,542,414
COUPE,014127.jpg,35,105,595,411
COUPE,014128.jpg,119,114,533,407
COUPE,014131.jpg,10,67,575,302
COUPE,014145.jpg,145,139,985,564
COUPE,014158.jpg,241,115,1449,1016
COUPE,014163.jpg,70,158,759,474
COUPE,014164.jpg,26,24,1198,686
SEDAN,014197.jpg,145,332,1537,867
SEDAN,014200.jpg,166,543,887,903
SEDAN,014202.jpg,14,67,616,353
SEDAN,014213.jpg,70,171,373,275
SEDAN,014217.jpg,161,54,1061,642
SEDAN,014219.jpg,30,224,462,396
SEDAN,014221.jpg,15,129,440,355
SEDAN,014233.jpg,100,73,706,516
SEDAN,014248.jpg,36,102,644,330
SEDAN,014254.jpg,43,82,456,289
VAN,014280.jpg,36,32,734,531
VAN,014288.jpg,67,27,181,81
VAN,014291.jpg,19,22,235,162
VAN,014306.jpg,18,92,532,297
VAN,014315.jpg,31,52,453,239
VAN,014323.jpg,75,29,465,323
VAN,014331.jpg,1,1,141,80
VAN,014335.jpg,13,26,244,169
VAN,014342.jpg,9,30,250,166
VAN,014344.jpg,16,40,234,129
VAN,014352.jpg,4,6,110,68
VAN,014353.jpg,36,58,250,134
CONVERTIBLE,014363.jpg,39,328,754,567
CONVERTIBLE,014370.jpg,21,131,628,305
CONVERTIBLE,014378.jpg,64,75,256,158
CONVERTIBLE,014387.jpg,210,188,1428,732
CONVERTIBLE,014406.jpg,40,339,988,635
CONVERTIBLE,014410.jpg,93,215,741,415
SEDAN,014422.jpg,146,262,731,612
SEDAN,014443.jpg,151,337,1315,1063
SEDAN,014445.jpg,19,12,613,456
SEDAN,014448.jpg,667,274,3686,2221
SEDAN,014465.jpg,61,89,548,431
SEDAN,014467.jpg,129,74,626,477
SEDAN,014494.jpg,123,344,1195,664
SEDAN,014498.jpg,21,45,269,160
SEDAN,014503.jpg,25,42,552,326
SEDAN,014511.jpg,31,46,427,255
SEDAN,014517.jpg,18,128,607,398
SEDAN,014522.jpg,60,185,587,438
SEDAN,014528.jpg,69,59,601,346
SEDAN,014538.jpg,22,21,252,174
SEDAN,014547.jpg,239,279,767,545
SEDAN,014562.jpg,7,56,295,217
SEDAN,014566.jpg,158,99,501,381
HATCHBACK,014611.jpg,57,120,577,376
HATCHBACK,014636.jpg,17,32,436,288
HATCHBACK,014638.jpg,74,29,567,467
HATCHBACK,014641.jpg,251,51,550,184
HATCHBACK,014659.jpg,15,134,626,382
CONVERTIBLE,014671.jpg,23,1,430,319
CONVERTIBLE,014676.jpg,45,120,569,362
CONVERTIBLE,014691.jpg,17,36,707,528
CONVERTIBLE,014704.jpg,134,14,1503,996
CONVERTIBLE,014716.jpg,130,178,1842,746
CONVERTIBLE,014720.jpg,14,63,448,210
CONVERTIBLE,014729.jpg,44,257,663,473
CONVERTIBLE,014742.jpg,8,12,541,391
CONVERTIBLE,014750.jpg,79,8,590,426
COUPE,014762.jpg,21,154,607,367
COUPE,014763.jpg,19,2,591,387
COUPE,014775.jpg,95,30,492,256
COUPE,014779.jpg,96,3,519,385
COUPE,014783.jpg,41,155,619,416
COUPE,014808.jpg,1,2,703,559
COUPE,014811.jpg,91,23,575,357
COUPE,014812.jpg,29,123,488,322
COUPE,014813.jpg,17,263,618,618
COUPE,014814.jpg,3,1,400,169
COUPE,014815.jpg,118,366,1043,822
COUPE,014816.jpg,109,277,945,557
COUPE,014817.jpg,105,121,511,278
COUPE,014818.jpg,56,53,261,152
COUPE,014819.jpg,23,49,494,257
COUPE,014820.jpg,69,233,1251,743
COUPE,014821.jpg,71,88,415,268
COUPE,014822.jpg,79,301,950,565
COUPE,014823.jpg,268,248,1751,1227
COUPE,014824.jpg,30,22,536,327
COUPE,014825.jpg,58,68,559,265
COUPE,014826.jpg,56,58,518,258
COUPE,014827.jpg,36,61,560,309
COUPE,014828.jpg,67,66,407,314
COUPE,014829.jpg,97,141,930,535
COUPE,014830.jpg,78,14,767,453
COUPE,014831.jpg,31,195,1253,657
COUPE,014832.jpg,93,114,489,283
COUPE,014833.jpg,36,64,597,275
COUPE,014834.jpg,52,253,1546,961
COUPE,014835.jpg,18,31,484,317
COUPE,014836.jpg,83,368,1225,769
SEDAN,014853.jpg,60,51,622,424
SEDAN,014860.jpg,3,5,300,134
SEDAN,014864.jpg,10,12,445,251
SEDAN,014872.jpg,36,129,471,328
SEDAN,014877.jpg,31,193,769,520
SEDAN,014886.jpg,20,346,2041,1619
SEDAN,014888.jpg,7,17,289,165
SEDAN,014908.jpg,56,154,437,343
SEDAN,014916.jpg,19,41,632,434
SEDAN,014923.jpg,317,71,1242,937
SEDAN,014930.jpg,89,120,562,316
SEDAN,014939.jpg,15,107,624,363
SEDAN,014944.jpg,148,47,547,340
SEDAN,014955.jpg,14,113,599,417
SEDAN,014957.jpg,69,160,971,666
SEDAN,014970.jpg,95,140,715,419
SEDAN,014980.jpg,34,63,858,545
SEDAN,014981.jpg,45,83,752,322
SEDAN,014982.jpg,15,144,628,356
SEDAN,014996.jpg,173,94,552,422
HATCHBACK,015031.jpg,400,125,760,422
HATCHBACK,015032.jpg,377,430,1308,943
HATCHBACK,015034.jpg,203,222,751,449
HATCHBACK,015035.jpg,43,110,646,427
HATCHBACK,015037.jpg,223,542,3692,2478
HATCHBACK,015045.jpg,23,9,641,352
SEDAN,015102.jpg,141,61,880,715
SEDAN,015113.jpg,18,69,582,392
SEDAN,015119.jpg,80,91,589,429
SEDAN,015126.jpg,55,26,595,307
SEDAN,015127.jpg,1,11,653,336
SEDAN,015136.jpg,67,99,583,411
SEDAN,015149.jpg,146,407,2677,1650
SEDAN,015155.jpg,36,274,944,723
SEDAN,015156.jpg,91,54,633,365
SEDAN,015160.jpg,103,137,553,398
SEDAN,015166.jpg,99,93,541,328
SEDAN,015168.jpg,18,4,798,594
SEDAN,015170.jpg,39,134,631,391
SEDAN,015177.jpg,9,12,595,354
SEDAN,015186.jpg,28,37,445,266
SEDAN,015187.jpg,6,117,606,406
SEDAN,015193.jpg,14,54,453,197
SEDAN,015195.jpg,2,7,581,293
SEDAN,015203.jpg,10,33,340,135
SEDAN,015212.jpg,13,93,880,511
SEDAN,015226.jpg,131,188,1151,781
SEDAN,015245.jpg,17,95,797,425
SEDAN,015246.jpg,60,206,616,434
SUV,015281.jpg,101,141,719,450
SUV,015295.jpg,104,39,286,135
SUV,015306.jpg,14,97,353,262
SUV,015310.jpg,21,20,487,247
SUV,015312.jpg,10,32,285,203
SUV,015315.jpg,26,73,613,408
SUV,015319.jpg,39,60,593,335
SEDAN,015346.jpg,74,43,839,490
SEDAN,015365.jpg,111,11,531,320
SEDAN,015367.jpg,75,254,2514,1929
SEDAN,015375.jpg,32,92,607,434
SEDAN,015378.jpg,45,103,948,554
SEDAN,015393.jpg,132,7,509,256
SEDAN,015418.jpg,16,24,248,188
SEDAN,015421.jpg,81,24,589,431
SEDAN,015438.jpg,119,64,2029,1533
SEDAN,015442.jpg,59,43,253,171
SEDAN,015486.jpg,14,146,619,439
SEDAN,015487.jpg,9,39,256,157
SUV,015507.jpg,189,64,1363,883
SUV,015510.jpg,70,46,468,291
SUV,015544.jpg,5,57,584,389
SUV,015549.jpg,16,21,273,163
SUV,015555.jpg,205,403,1741,1039
SUV,015559.jpg,8,178,796,501
HATCHBACK,015584.jpg,30,42,241,159
HATCHBACK,015587.jpg,14,73,254,172
HATCHBACK,015589.jpg,17,47,241,158
HATCHBACK,015598.jpg,11,41,555,333
HATCHBACK,015608.jpg,11,35,246,186
HATCHBACK,015616.jpg,83,119,510,392
HATCHBACK,015618.jpg,30,68,366,215
HATCHBACK,015624.jpg,23,51,218,172
HATCHBACK,015631.jpg,31,135,353,253
HATCHBACK,015635.jpg,59,194,1445,980
HATCHBACK,015647.jpg,22,46,220,161
HATCHBACK,015653.jpg,40,34,600,430
HATCHBACK,015656.jpg,11,15,590,274
HATCHBACK,015659.jpg,19,42,236,149
HATCHBACK,015661.jpg,109,149,566,393
HATCHBACK,015667.jpg,123,343,1080,707
HATCHBACK,015675.jpg,72,303,846,636
HATCHBACK,015686.jpg,55,22,685,433
HATCHBACK,015708.jpg,1,163,1597,817
HATCHBACK,015709.jpg,247,178,1258,871
HATCHBACK,015717.jpg,26,200,977,644
HATCHBACK,015719.jpg,14,123,1271,780
HATCHBACK,015740.jpg,27,65,602,439
HATCHBACK,015762.jpg,303,145,797,478
HATCHBACK,015781.jpg,50,284,921,636
HATCHBACK,015786.jpg,41,132,672,431
HATCHBACK,015790.jpg,77,49,508,305
HATCHBACK,015794.jpg,55,308,949,675
HATCHBACK,015795.jpg,55,147,894,566
HATCHBACK,015803.jpg,55,102,930,676
HATCHBACK,015806.jpg,49,77,566,425
HATCHBACK,015807.jpg,24,22,609,352
HATCHBACK,015813.jpg,123,229,1172,829
HATCHBACK,015837.jpg,12,90,633,397
HATCHBACK,015841.jpg,33,243,431,413
HATCHBACK,015844.jpg,89,103,561,377
HATCHBACK,015849.jpg,585,349,1517,1137
HATCHBACK,015851.jpg,36,51,817,531
HATCHBACK,015856.jpg,76,204,524,397
HATCHBACK,015860.jpg,15,142,461,296
HATCHBACK,015867.jpg,104,178,965,656
HATCHBACK,015869.jpg,75,93,539,400
HATCHBACK,015877.jpg,90,95,1153,691
HATCHBACK,015885.jpg,35,11,576,267
HATCHBACK,015887.jpg,65,478,1514,989
HATCHBACK,015889.jpg,25,157,584,415
HATCHBACK,015891.jpg,106,814,1221,1454
HATCHBACK,015893.jpg,46,106,608,392
HATCHBACK,015902.jpg,205,89,713,327
HATCHBACK,015905.jpg,33,116,683,502
SUV,016033.jpg,31,62,621,414
SUV,016035.jpg,41,52,757,490
SUV,016039.jpg,37,62,261,191
SUV,016044.jpg,39,78,570,447
SUV,016052.jpg,120,66,585,425
SUV,016059.jpg,101,59,602,389
SUV,016060.jpg,61,49,837,351
SUV,016062.jpg,18,45,404,307
SUV,016072.jpg,23,72,466,253
SUV,016078.jpg,83,35,395,243
SUV,016079.jpg,48,100,445,298
SUV,016084.jpg,14,49,252,185
SUV,016087.jpg,33,54,481,314
SUV,016092.jpg,12,12,290,150
CONVERTIBLE,016116.jpg,19,25,386,242
CONVERTIBLE,016118.jpg,18,5,122,82
CONVERTIBLE,016119.jpg,20,27,613,413
CONVERTIBLE,016121.jpg,152,97,780,553
CONVERTIBLE,016127.jpg,176,89,1175,735
CONVERTIBLE,016128.jpg,29,34,381,273
CONVERTIBLE,016143.jpg,121,87,465,278
VAN,000114.png,683,158,763,236
VAN,000155.png,122,178,204,231
VAN,000212.png,410,169,493,206
TRUCK,000219.png,940,139,1051,191
VAN,000226.png,441,173,540,212
VAN,000236.png,533,162,564,199
TRUCK,000237.png,591,162,618,192
VAN,000246.png,171,131,370,265
TRUCK,000249.png,519,151,548,196
VAN,000252.png,568,161,613,191
VAN,000275.png,527,168,555,191
VAN,000279.png,446,159,554,248
VAN,000310.png,429,170,466,209
VAN,000352.png,644,147,704,210
TRUCK,000358.png,616,137,683,204
VAN,000361.png,903,149,997,183
TRUCK,000372.png,672,112,849,253
VAN,000392.png,645,164,676,197
TRUCK,000399.png,587,163,614,192
TRUCK,000423.png,685,70,867,253
VAN,000430.png,1073,114,1129,168
VAN,000435.png,423,145,519,237
TRUCK,000445.png,634,138,680,192
VAN,000479.png,328,176,375,207
VAN,000500.png,639,168,696,194
VAN,000502.png,532,170,557,191
TRUCK,000508.png,458,159,498,196
TRUCK,000537.png,573,142,631,213
TRUCK,000539.png,618,130,680,204
VAN,000589.png,209,169,318,236
VAN,000600.png,504,160,546,204
TRUCK,000604.png,0,0,91,369
VAN,000613.png,722,154,782,183
VAN,000648.png,273,168,459,305
VAN,000655.png,600,166,624,198
VAN,000729.png,779,0,1241,374
VAN,000757.png,475,164,550,227
TRUCK,000785.png,613,136,674,213
VAN,000791.png,844,146,901,198
VAN,000850.png,301,131,470,271
VAN,000877.png,1055,23,1241,374
VAN,000894.png,543,153,604,194
TRUCK,000898.png,692,125,823,256
VAN,000911.png,262,141,507,346
VAN,000917.png,886,140,1038,204
VAN,000928.png,0,0,268,369
VAN,000932.png,463,172,495,206
TRUCK,000936.png,387,159,447,201
VAN,000944.png,436,164,545,208
TRUCK,000951.png,564,131,607,197
VAN,000953.png,420,171,509,211
VAN,000984.png,165,169,259,215
VAN,000995.png,89,127,345,277
VAN,001008.png,674,133,735,203
VAN,001039.png,583,166,604,194
VAN,001082.png,531,159,562,189
TRUCK,001089.png,318,159,373,217
VAN,001127.png,641,164,676,202
VAN,001162.png,693,121,1230,374
VAN,001175.png,738,62,1134,373
VAN,001175.png,90,152,295,260
TRUCK,001184.png,44,105,484,258
VAN,001204.png,798,164,834,205
VAN,001216.png,433,179,465,206
VAN,001246.png,629,156,666,199
VAN,001259.png,597,181,619,204
VAN,001296.png,147,171,305,254
VAN,001322.png,218,168,407,277
TRUCK,001368.png,628,133,692,208
VAN,001373.png,796,167,830,187
TRUCK,001373.png,878,152,956,193
TRUCK,001387.png,589,155,631,195
VAN,001390.png,768,158,861,225
TRUCK,001436.png,906,147,997,192
TRUCK,001442.png,457,160,502,203
VAN,001461.png,200,174,280,211
VAN,001465.png,648,161,715,225
VAN,001468.png,533,156,595,188
TRUCK,001473.png,0,111,232,235
TRUCK,001491.png,675,140,735,199
VAN,001494.png,594,146,637,191
TRUCK,001497.png,759,0,1241,374
VAN,001505.png,469,155,550,237
TRUCK,001507.png,624,158,658,189
VAN,001507.png,0,176,98,275
VAN,001512.png,1129,132,1231,181
VAN,001545.png,573,173,599,196
TRUCK,001569.png,623,151,672,204
VAN,001606.png,582,169,622,208
VAN,001607.png,1191,137,1241,207
VAN,001638.png,820,155,945,285
VAN,001638.png,949,144,1016,200
TRUCK,001678.png,559,105,652,217
VAN,001683.png,678,119,824,261
VAN,001704.png,343,159,440,244
TRUCK,001712.png,594,162,621,192
VAN,001721.png,739,0,1167,374
TRUCK,001735.png,534,130,604,214
VAN,001764.png,173,171,272,227
VAN,001764.png,402,166,436,204
VAN,001766.png,1062,156,1127,180
VAN,001775.png,458,162,515,206
VAN,001806.png,452,173,532,213
TRUCK,001833.png,725,112,870,277
TRUCK,001834.png,0,113,246,233
VAN,001843.png,646,160,718,228
TRUCK,001866.png,254,0,256,374
TRUCK,001884.png,697,158,768,189
VAN,001893.png,527,163,556,195
TRUCK,001901.png,606,138,670,203
VAN,001909.png,619,135,1027,374
VAN,001921.png,570,181,593,204
TRUCK,001945.png,589,162,622,197
TRUCK,001956.png,1170,120,1241,203
VAN,001988.png,494,151,577,215
VAN,001992.png,533,165,577,214
VAN,001998.png,588,161,608,182
VAN,002020.png,211,148,409,220
VAN,002034.png,598,204,626,235
VAN,002054.png,693,168,746,216
VAN,002070.png,1092,139,1241,197
VAN,002074.png,600,170,620,198
VAN,002101.png,718,117,841,242
VAN,002106.png,412,162,539,259
VAN,002106.png,774,160,920,210
VAN,002111.png,648,163,702,215
VAN,002136.png,927,122,969,170
VAN,002230.png,646,158,692,202
VAN,002253.png,737,167,759,187
VAN,002264.png,223,182,328,221
VAN,002272.png,649,166,693,212
VAN,002311.png,959,149,1068,195
VAN,002318.png,466,151,523,202
TRUCK,002326.png,563,129,635,216
VAN,002346.png,559,162,585,197
VAN,002349.png,640,168,703,197
TRUCK,002375.png,679,89,825,240
VAN,002381.png,83,148,494,369
VAN,002387.png,0,87,395,370
VAN,002387.png,509,159,548,200
VAN,002395.png,0,188,131,243
VAN,002413.png,311,148,480,286
TRUCK,002432.png,663,123,805,237
TRUCK,002471.png,306,143,396,201
VAN,002488.png,789,118,871,217
TRUCK,002510.png,624,140,667,197
VAN,002511.png,351,169,484,273
TRUCK,002520.png,262,0,266,375
TRUCK,002598.png,18,155,110,204
VAN,002612.png,553,172,584,196
VAN,002661.png,483,171,510,197
TRUCK,002664.png,567,141,626,213
VAN,002666.png,0,0,267,369
VAN,002694.png,886,157,947,189
TRUCK,002704.png,0,113,51,249
VAN,002758.png,583,173,604,200
VAN,002777.png,486,163,533,199
VAN,002786.png,637,177,671,209
VAN,002790.png,451,158,529,243
TRUCK,002809.png,667,161,726,192
VAN,002833.png,473,178,500,197
VAN,002902.png,580,174,635,228
VAN,002912.png,576,161,622,210
VAN,002912.png,822,132,1026,208
VAN,002987.png,1117,137,1241,208
VAN,002993.png,620,102,774,216
VAN,003009.png,503,152,582,213
VAN,003013.png,0,155,43,237
VAN,003116.png,370,133,496,251
VAN,003120.png,796,164,893,202
VAN,003135.png,830,146,942,196
VAN,003136.png,271,177,332,214
TRUCK,003142.png,618,160,650,189
TRUCK,003173.png,557,161,585,197
VAN,003181.png,454,176,488,202
VAN,003187.png,265,127,459,283
TRUCK,003217.png,681,95,916,276
VAN,003222.png,273,169,336,205
VAN,003233.png,775,131,1111,362
VAN,003255.png,702,142,854,268
VAN,003304.png,1194,130,1241,195
TRUCK,003328.png,625,129,686,203
VAN,003344.png,958,94,1241,374
VAN,003356.png,539,164,598,194
TRUCK,003384.png,582,143,639,212
TRUCK,003458.png,828,51,1155,274
VAN,003467.png,647,167,717,234
VAN,003483.png,543,171,577,200
VAN,003534.png,515,161,544,196
VAN,003581.png,1083,126,1241,327
VAN,003618.png,440,176,535,214
VAN,003663.png,412,179,461,218
VAN,003722.png,0,169,162,312
VAN,003749.png,1021,140,1140,203
VAN,003758.png,529,157,593,190
TRUCK,003769.png,682,90,934,283
VAN,003779.png,604,163,622,184
TRUCK,003812.png,519,151,547,196
VAN,003863.png,759,84,1175,374
VAN,003898.png,440,165,526,200
VAN,003924.png,433,156,495,216
VAN,003961.png,19,148,387,374
VAN,003975.png,397,167,510,216
VAN,003991.png,538,162,568,189
VAN,004010.png,538,167,561,192
VAN,004029.png,642,167,712,200
VAN,004034.png,236,167,448,320
VAN,004045.png,0,168,296,320
VAN,004045.png,634,156,683,206
VAN,004054.png,645,151,721,222
TRUCK,004069.png,568,162,591,193
TRUCK,004121.png,578,162,608,191
VAN,004127.png,638,169,667,198
VAN,004131.png,490,174,514,198
VAN,004138.png,470,153,531,218
VAN,004152.png,576,168,600,198
VAN,004169.png,267,176,332,223
TRUCK,004193.png,617,137,678,200
TRUCK,004209.png,467,107,558,218
VAN,004245.png,107,173,217,218
VAN,004307.png,653,162,706,215
VAN,004317.png,216,176,286,224
TRUCK,004319.png,676,157,739,189
VAN,004322.png,784,53,1241,374
VAN,004322.png,640,160,674,195
VAN,004331.png,1212,130,1241,181
TRUCK,004387.png,149,134,309,220
VAN,004389.png,587,160,606,182
VAN,004450.png,482,169,507,199
TRUCK,004454.png,225,0,537,296
VAN,004463.png,347,142,452,218
TRUCK,004476.png,609,131,671,206
VAN,004479.png,0,179,160,236
VAN,004493.png,114,164,397,281
VAN,004532.png,739,28,1099,352
VAN,004568.png,461,174,495,209
VAN,004574.png,395,176,441,206
TRUCK,004576.png,622,161,653,191
TRUCK,004581.png,567,162,595,191
VAN,004585.png,0,180,77,289
TRUCK,004606.png,630,131,693,201
VAN,004611.png,234,176,331,229
VAN,004614.png,644,166,719,201
TRUCK,004629.png,687,82,967,292
VAN,004636.png,644,163,671,194
VAN,004672.png,473,163,569,243
VAN,004675.png,418,174,459,207
TRUCK,004701.png,786,140,832,183
VAN,004714.png,430,180,461,199
VAN,004715.png,536,166,560,193
TRUCK,004717.png,0,0,281,374
VAN,004743.png,530,164,557,194
VAN,004751.png,873,143,1241,287
VAN,004766.png,1011,132,1106,177
TRUCK,004791.png,133,172,282,206
VAN,004802.png,791,166,827,207
VAN,004818.png,489,165,540,216
VAN,004832.png,403,166,439,205
VAN,004855.png,0,76,374,357
VAN,004867.png,600,167,623,199
TRUCK,004894.png,14,106,367,266
VAN,004906.png,456,172,534,241
VAN,004916.png,522,159,609,255
VAN,004923.png,63,169,234,230
VAN,004974.png,192,183,431,334
VAN,004980.png,270,145,467,302
TRUCK,005006.png,928,0,1241,374
TRUCK,005015.png,381,150,453,206
TRUCK,005018.png,570,124,647,217
VAN,005019.png,0,160,108,265
VAN,005023.png,357,171,413,213
VAN,005036.png,772,152,1189,374
VAN,005036.png,483,166,557,236
VAN,005038.png,660,139,747,229
VAN,005053.png,535,166,559,196
VAN,005061.png,389,146,551,278
TRUCK,005084.png,383,149,450,233
VAN,005086.png,482,164,532,215
VAN,005089.png,496,160,533,193
VAN,005102.png,1039,157,1148,198
VAN,005109.png,723,157,922,319
VAN,005122.png,455,168,481,199
TRUCK,005134.png,0,122,172,257
VAN,005150.png,411,162,586,247
VAN,005166.png,497,155,793,332
TRUCK,005245.png,344,158,419,209
TRUCK,005271.png,586,157,621,195
VAN,005308.png,239,172,309,205
TRUCK,005313.png,0,112,151,248
VAN,005339.png,863,160,925,192
VAN,005359.png,734,137,834,234
VAN,005366.png,179,168,315,253
VAN,005382.png,101,144,418,320
TRUCK,005410.png,0,154,40,244
VAN,005414.png,0,193,25,235
TRUCK,005452.png,243,136,376,236
VAN,005476.png,256,171,322,203
VAN,005492.png,0,152,87,283
TRUCK,005507.png,705,128,796,209
TRUCK,005513.png,599,137,656,199
TRUCK,005530.png,774,141,820,183
VAN,005532.png,0,0,268,369
TRUCK,005534.png,475,141,550,221
TRUCK,005561.png,692,133,768,204
VAN,005578.png,310,154,455,208
TRUCK,005598.png,272,141,376,205
TRUCK,005613.png,225,92,492,332
TRUCK,005640.png,279,142,393,231
TRUCK,005648.png,608,122,695,204
VAN,005689.png,529,164,593,229
TRUCK,005694.png,1028,0,1241,374
VAN,005718.png,509,171,544,198
VAN,005821.png,304,169,469,293
VAN,005843.png,895,0,900,374
VAN,005923.png,416,173,463,206
VAN,005949.png,921,155,982,186
VAN,005952.png,331,124,485,263
VAN,005975.png,629,177,656,206
VAN,006005.png,414,155,539,215
VAN,006013.png,126,165,420,362
VAN,006044.png,593,196,618,224
VAN,006095.png,779,166,829,214
TRUCK,006102.png,46,161,188,223
VAN,006108.png,868,146,1070,266
TRUCK,006116.png,659,161,712,192
VAN,006127.png,465,173,503,200
VAN,006133.png,596,154,613,176
VAN,006145.png,636,171,682,192
TRUCK,006202.png,521,149,553,197
VAN,006213.png,899,153,961,181
TRUCK,006224.png,627,145,665,193
VAN,006251.png,457,161,549,235
VAN,006254.png,981,153,1087,196
TRUCK,006264.png,887,151,969,193
TRUCK,006267.png,589,163,617,193
TRUCK,006331.png,591,162,619,193
VAN,006332.png,551,188,573,213
VAN,006334.png,353,178,445,214
VAN,006376.png,671,161,779,215
VAN,006399.png,1182,130,1241,182
VAN,006401.png,1154,132,1241,183
VAN,006413.png,793,169,831,191
TRUCK,006415.png,592,166,624,201
TRUCK,006447.png,1046,123,1229,196
VAN,006461.png,1059,141,1229,203
VAN,006467.png,284,172,430,262
TRUCK,006482.png,645,161,690,191
VAN,006497.png,516,158,555,202
VAN,006514.png,546,175,570,202
VAN,006525.png,734,19,1197,374
VAN,006535.png,403,153,535,217
VAN,006562.png,497,158,541,198
VAN,006598.png,0,131,302,249
VAN,006598.png,805,145,965,205
VAN,006608.png,473,148,566,219
VAN,006616.png,975,148,1093,196
TRUCK,006616.png,1133,119,1241,202
TRUCK,006639.png,692,51,930,285
VAN,006643.png,366,170,419,210
VAN,006659.png,670,162,740,224
VAN,006679.png,495,166,581,238
VAN,006694.png,622,167,652,197
TRUCK,006714.png,590,162,618,192
VAN,006721.png,0,130,136,295
VAN,006723.png,588,161,610,188
VAN,006743.png,868,159,927,189
TRUCK,006747.png,569,162,597,191
VAN,006757.png,1019,149,1144,198
VAN,006772.png,672,146,786,249
VAN,006775.png,724,164,757,194
VAN,006780.png,167,170,315,248
VAN,006788.png,325,159,437,224
VAN,006796.png,794,150,853,202
TRUCK,006834.png,634,131,694,204
TRUCK,006840.png,547,159,580,200
VAN,006855.png,467,171,497,202
VAN,006859.png,439,163,486,199
VAN,006927.png,649,155,713,215
TRUCK,006932.png,632,139,679,195
TRUCK,006939.png,885,0,1241,322
TRUCK,006961.png,722,120,833,216
VAN,006990.png,668,149,706,175
VAN,007022.png,576,173,597,200
VAN,007097.png,0,141,274,368
TRUCK,007101.png,612,136,672,209
VAN,007117.png,781,92,1241,374
TRUCK,007120.png,264,163,321,199
VAN,007145.png,422,172,515,213
VAN,007156.png,440,146,542,247
VAN,007164.png,169,155,347,263
TRUCK,007236.png,1027,0,1241,336
VAN,007265.png,684,116,824,262
TRUCK,007283.png,489,147,551,215
TRUCK,007287.png,589,165,616,194
VAN,007289.png,604,154,671,191
VAN,007289.png,832,154,892,182
TRUCK,007302.png,703,161,775,193
TRUCK,007302.png,445,156,490,197
TRUCK,007305.png,55,147,259,209
TRUCK,007329.png,494,122,564,213
VAN,007343.png,653,138,686,177
TRUCK,007345.png,588,157,625,196
TRUCK,007356.png,633,155,660,185
VAN,007381.png,0,86,118,351
VAN,007388.png,1035,134,1184,208
TRUCK,007388.png,760,140,805,183
VAN,007393.png,547,165,600,192
TRUCK,007394.png,722,0,1196,374
VAN,007398.png,800,153,881,189
VAN,007402.png,645,166,670,196
VAN,007406.png,377,175,469,238
VAN,007407.png,822,150,916,192
VAN,007410.png,540,141,587,198
VAN,007414.png,483,169,517,207
VAN,007414.png,194,182,343,280
VAN,007415.png,66,170,266,268
VAN,007422.png,1096,136,1241,191
VAN,007423.png,528,167,577,207
VAN,007423.png,648,164,685,202
VAN,007430.png,673,166,758,244
VAN,007437.png,704,133,776,216
VAN,007440.png,1021,132,1120,178
VAN,007442.png,624,166,651,193
VAN,007451.png,515,171,547,197
VAN,007452.png,460,163,627,244
VAN,007453.png,241,178,310,218
VAN,007457.png,605,182,638,216
VAN,007458.png,614,163,629,181
VAN,007469.png,625,130,676,193
VAN,007470.png,657,173,715,229
VAN,007474.png,801,162,837,202
